yerimm@gmail.com,123456789,강예림,yerimm
heejin@gmail.com,123456789,김희진,heejin
o_ov0709@naver.com,123456789,최윤정,yoonjung
alandeaux0@storify.com,SSTI,윤수원,se_enkk
cgolby1@google.co.jp,OGXI,이유철,Edgar Valentine
dandrichuk2@usa.gov,PLNT,김명수,이관우
tdootson3@opensource.org,DCP,류천환,한대희
wtwiggs4@indiatimes.com,SNP,김윤재,재무제표 읽는 남자
khuxtable5@irs.gov,GMZ,최희은,머니마블
bwoolvett6@weibo.com,CUR,송보혜,MeroVanco
kmassimi7@nba.com,CYCCP,전수경,Vintage
wricharz8@cbslocal.com,MERC,송선형,황금골렘
jfellini9@quantcast.com,HIFR,방가희,lee pro
ncappera@gizmodo.com,PEO,채경연,장준성
springerb@timesonline.co.uk,EAB,임종희,유동원
cbernaldoc@wiley.com,AXAS,강가희,유럽외노자
mnaishd@google.cn,TDE,최여진,선우
vphile@princeton.edu,CETXW,조채라,Hyeokho.kwon
khandlingf@economist.com,SKT,신민선,호랑이형님
trableyg@latimes.com,NXQ,정경주,ITK
oallinsonh@ca.gov,PFLT,남재정,성륜수
hgibbinsi@histats.com,SQNS,안해리,백승호
lrotherj@sogou.com,BGC,정근애,freestyle
ldamettik@shinystat.com,MILN,원성민,Ter
minghaml@dedecms.com,MLM,유태정,신림동 캐리
lnapoleonm@dedecms.com,PUI,김남영,비즈카페주인
sboolen@latimes.com,ENBL,서승욱,권혁호
rodhamso@independent.co.uk,AFSI^E,박래연,이지스
smckeep@gizmodo.com,BFO,조효승,Xangle
tokendenq@samsung.com,VECO,윤태경,썸노트
challowsr@ucla.edu,BIVV,김보경,이지현
sstrutleys@google.com,BSBR,안규백,Stephie
